LeadId,CompanyName,Industry,Website,Location,Address,DecisionMakerName,Designation,Email,EmailType,Phone,LinkedIn,Facebook,Instagram,Twitter,YouTube,ContactPage,SourceKeyword,HasTestimonials,HasVideoTestimonials,HasCaseStudies,HasGoogleReviews,LeadScore,Priority,CreatedDate
1,Home - outfoxsocial.com,marketing agency,https://www.outfoxsocial.com/,"Gandhi Nagar, Delhi.</p>","Gandhi Nagar, Delhi.</p>",,,info@outfoxsocial.com,Generic,+3025550107,,,,,,https://outfoxsocial.com/contact-us-dark/,marketing agency,True,True,True,False,100,Hot Lead,2026-06-19T17:58:57.951633
2,"Best Digital Marketing Company in Delhi NCR - SEO, SMO, PPC, SEM",marketing agency,http://www.digitalmarketingplayers.com/,Delhi but we believe in virtual connect.</p>,Delhi but we believe in virtual connect.</p>,,,hello@dmplayers.com,Generic,+918287129388,https://www.linkedin.com/company/digital-marketing-players/,https://www.facebook.com/digitalmarketingplayers,https://www.instagram.com/wedigitalmarketingplayers/,,https://www.youtube.com/@digitalmarketingplayers,https://digitalmarketingplayers.com/contact-us/,marketing agency,True,True,True,True,100,Hot Lead,2026-06-19T17:59:06.708360
3,Cent Digital,marketing agency,http://www.centdigital.in/,</dt>,</dt>,,,info@centdigital.com,Generic,+917703913320,http://linkedin.com/company/cent-digital,https://www.facebook.com/centdigitalofficial,https://www.instagram.com/centdigital/,https://twitter.com/CentDigital,,https://centdigital.com/contact-us/,marketing agency,True,False,True,False,100,Hot Lead,2026-06-19T17:59:17.680659
4,Promfly | AI-Driven #1 Digital Marketing Agency in 2026,marketing agency,https://www.promfly.com/,"India, dedicated to empowering businesses of all sizes with tailored marketing and development solutions. From increasing brand awareness to driving qualified traffic and converting visitors into loya","India, dedicated to empowering businesses of all sizes with tailored marketing and development solutions. From increasing brand awareness to driving qualified traffic and converting visitors into loya",,,info@promfly.com,Generic,+917303881503,https://www.linkedin.com/company/promfly,https://www.facebook.com/profile.php?id=61555331055219,https://www.instagram.com/promfly/,,,https://www.promfly.com/contact,marketing agency,True,True,True,False,100,Hot Lead,2026-06-19T17:59:27.586688
5,We Are The Best Digital Marketing Services East Delhi,marketing agency,https://harshitkr.com/,"Delhi and West Bengal. With the major intention of client satisfaction by delivering digitalized solutions to small and medium-sized business owners.</p><p>Through the aid of digital tools, tech, and","Delhi and West Bengal. With the major intention of client satisfaction by delivering digitalized solutions to small and medium-sized business owners.</p><p>Through the aid of digital tools, tech, and",,,contact@harshitkr.com,Generic,+919971350774,,https://www.facebook.com/harshitkrforyou/,http://instagram.com/harshitkr4u/,,https://www.youtube.com/channel/UCZ9ECNn9__V5VMO-Xa5bTgQ,https://harshitkr.com/digital-marketing-services-contact/,marketing agency,True,True,True,True,100,Hot Lead,2026-06-19T17:59:39.621177
6,Delhi Marketing | Best Digital Marketing & SEO Services in Delhi,marketing agency,https://delhimarketing.in/,"<!DOCTYPE html><html lang=""en-US"" prefix=""og: https://ogp.me/ns#""><head><script data-no-optimize=""1"">var litespeed_docref=sessionStorage.getItem(""litespeed_docref"");litespeed_docref&&(Object.definePro","<!DOCTYPE html><html lang=""en-US"" prefix=""og: https://ogp.me/ns#""><head><script data-no-optimize=""1"">var litespeed_docref=sessionStorage.getItem(""litespeed_docref"");litespeed_docref&&(Object.definePro",,,,,+0180389396,,,,,,https://delhimarketing.in/contact-us/,marketing agency,False,True,True,False,85,Hot Lead,2026-06-19T17:59:40.259357
7,Cleareach Media - Digital Marketing Agency,marketing agency,https://sites.google.com/view/cleareachmediadigitalmarketing,"Delhi helping businesses scale through strategic advertising and conversion-focused systems.</span></p><p  dir=""ltr"" class=""zfr3Q CDt4Ke "" style=""line-height: 1.2; text-align: left;""><span class=""C9Dx","Delhi helping businesses scale through strategic advertising and conversion-focused systems.</span></p><p  dir=""ltr"" class=""zfr3Q CDt4Ke "" style=""line-height: 1.2; text-align: left;""><span class=""C9Dx",,,cleareachmedia@gmail.com,Personal Business,+918810224302,,,,,,https://sites.google.com/view/cleareachmediadigitalmarketing/contact,marketing agency,True,False,True,False,100,Hot Lead,2026-06-19T17:59:42.884336
8,Mise-En-Place.Co- Best Digital Marketing Company in Delhi,marketing agency,https://www.mise-en-place.co/services/?utm_source=GMB&utm_medium=gmb&utm_campaign=GMB,"<meta name='robots' content='index, follow, max-image-preview:large, max-snippet:-1, max-video-preview:-1' />","<meta name='robots' content='index, follow, max-image-preview:large, max-snippet:-1, max-video-preview:-1' />",Possible Unhandled Promise Rejection,CEO,info@mise-en-place.co,Generic,+919560891635,https://linkedin.com/company/mise-en-place-co/,https://www.facebook.com/MiseEnPlaceIND/,https://instagram.com/miseenplaceind,https://twitter.com/miseenplaceind,https://www.youtube.com/@miseenplaceind,https://miseenplace.zohodesk.in/portal/,marketing agency,True,True,True,False,100,Hot Lead,2026-06-19T17:59:45.305336
9,Best Digital Marketing Agency in Delhi (2026) | Tech Ads Mediaa,marketing agency,https://www.techadsmediaa.com/,"<meta property=""og:description"" content=""Portfolio Tech Ads Mediaa is a leading digital marketing agency in Delhi, serving clients worldwide. We have been specializing in [&hellip;]"" />","<meta property=""og:description"" content=""Portfolio Tech Ads Mediaa is a leading digital marketing agency in Delhi, serving clients worldwide. We have been specializing in [&hellip;]"" />",,,info.techadmediaa@gmail.com,Generic,+918433263592,,https://www.facebook.com/techadsmediaa/,https://www.instagram.com/techadsmediaa/,,,https://www.techadsmediaa.com/contact-us/,marketing agency,True,True,True,False,100,Hot Lead,2026-06-19T18:00:10.826347
10,Home - YSA Digital Media,marketing agency,http://ysadigitalmedia.com/,"Delhi/NCR, collaborating with clients worldwide.</div><div id=""brxe-zfgesr"" class=""brxe-block bricks-lazy-hidden""><div id=""brxe-ttutxi"" class=""brxe-block bricks-lazy-hidden""><div id=""brxe-ngxwct"" clas","Delhi/NCR, collaborating with clients worldwide.</div><div id=""brxe-zfgesr"" class=""brxe-block bricks-lazy-hidden""><div id=""brxe-ttutxi"" class=""brxe-block bricks-lazy-hidden""><div id=""brxe-ngxwct"" clas",Rupesh Toor,Founder,hello@ysadigitalmedia.com,Generic,+918860987832,,https://m.facebook.com/ysadigitalmedia,https://www.instagram.com/ysadigitalmedia/,https://x.com/ysadigitalmedia/,,https://ysadigitalmedia.com/contact-us/,marketing agency,True,True,True,False,100,Hot Lead,2026-06-19T18:00:16.078786
11,Hobo.Video - The Best Influencer and Creator Marketing Company in India,marketing agency,https://hobo.video/,</dt>,</dt>,The Best Influencer,Owner,hr@hobo.video,Personal Business,+919625958885,https://www.linkedin.com/company/hobo-video/,https://www.facebook.com/HoboVideoGlobal/,https://www.instagram.com/hobo.video,https://twitter.com/hobo_video,,mailto:help@hobo.video,marketing agency,True,True,True,False,100,Hot Lead,2026-06-19T18:00:21.949029
12,YO AND MO MEDIA,marketing agency,https://yoandmo.com/,</dt>,</dt>,Copyright The Closure Library Authors,CEO,hello@yoandmo.com,Generic,+3403400760,https://www.linkedin.com/company/yoandmomedia/,https://www.facebook.com/yoandmomedia,https://www.instagram.com/yoandmomedia/,,,https://yoandmo.com/contact/,marketing agency,True,True,True,True,100,Hot Lead,2026-06-19T18:00:32.053406
13,Growth Hub Media,marketing agency,https://growthhubmedia.com/,"/*# sourceURL=global-styles-inline-css */</style><link data-optimized=""1"" rel='stylesheet' id='rt-flaticon-css' href='https://growthhubmedia.com/wp-content/litespeed/css/f1cc6db64257cc69c123895ea1b1a0","/*# sourceURL=global-styles-inline-css */</style><link data-optimized=""1"" rel='stylesheet' id='rt-flaticon-css' href='https://growthhubmedia.com/wp-content/litespeed/css/f1cc6db64257cc69c123895ea1b1a0",Play Video,CEO,info@growthhubmedia.com,Generic,+3403400760,,https://www.facebook.com/p/growth-Hub-Media-61557894260426/,https://www.instagram.com/officialgrowthhubmedia/,https://x.com/GROWTHHUBMEDIA,,https://growthhubmedia.com/contact-us/,marketing agency,True,True,True,False,100,Hot Lead,2026-06-19T18:00:40.588667
14,icon,marketing agency,https://www.excelrange.com/,"GTB Nagar, Delhi. We are a full-house digital marketing agency offering services for SEO, Web design, and Google Ads Management in Delhi, India."">","GTB Nagar, Delhi. We are a full-house digital marketing agency offering services for SEO, Web design, and Google Ads Management in Delhi, India."">",,,info@excelrange.com,Generic,+2616769217,https://www.linkedin.com/company/excel-range-media-group/mycompany/,https://www.facebook.com/excelrangemediagroup/,https://www.instagram.com/excelrangemedia/,https://twitter.com/excelrangemedia,https://www.youtube.com/@excelrangemedia6077/featured,https://excelrange.com/enquire-now-for-the-best-digital-marketing-services-in-delhi-contact,marketing agency,True,True,True,False,100,Hot Lead,2026-06-19T18:01:05.920346
15,WDM Service - Best Digital Marketing Company in Delhi,marketing agency,https://wdmservice.com/,"Delhi, we help businesses grow with the right mix of strategy, creativity, and content that connects.</p><p>Whether you&#8217;re a new startup or a growing brand, we&#8217;re here to support your jour","Delhi, we help businesses grow with the right mix of strategy, creativity, and content that connects.</p><p>Whether you&#8217;re a new startup or a growing brand, we&#8217;re here to support your jour",,,info@wdmservices.com,Generic,+919953292857,https://www.linkedin.com/company/wdm-services-official/?originalSubdomain=in,https://www.facebook.com/share.php?u=https://wdmservice.com/how-to-increase-your-roi-through-scientific-sem/,https://www.instagram.com/wdmservicesofficial/?hl=en,https://twitter.com/intent/tweet?text=How%20to%20Increase%20Your%20ROI%20Through%20scientific%20SEM?&url=https://wdmservice.com/how-to-increase-your-roi-through-scientific-sem/,,https://wdmservice.com/contact-us/,marketing agency,True,True,True,False,100,Hot Lead,2026-06-19T18:01:13.746104
16,Lets Digital Marketing,marketing agency,https://www.letsdigitalmarketing.com/,"<meta name=""viewport"" content=""width=device-width, initial-scale=1.0"">","<meta name=""viewport"" content=""width=device-width, initial-scale=1.0"">",,,info@letsdigitalmarketing.com,Generic,+918510004776,,https://www.facebook.com/ldmarketing76,https://www.instagram.com/lets.digitalmarketing/,https://twitter.com/ldmarketing76,https://www.youtube.com/watch?v=NHMtFzs9jQc,https://www.letsdigitalmarketing.com/contact-us,marketing agency,True,True,True,False,100,Hot Lead,2026-06-19T18:01:16.626326
17,Saor,marketing agency,https://digitalmarketingagency.digidzn.com/,"<meta name=""viewport"" content=""width=device-width, initial-scale=1, shrink-to-fit=no"">","<meta name=""viewport"" content=""width=device-width, initial-scale=1, shrink-to-fit=no"">",,,admin@digidzn.com,Generic,9289745760,https://www.linkedin.com/company/digidzn/,https://www.facebook.com/digiDZN,https://www.instagram.com/digi_dzn/,https://x.com/digi_dzn?lang=en,,https://digitalmarketingagency.digidzn.com/contact.html,marketing agency,True,False,True,False,100,Hot Lead,2026-06-19T18:01:17.478402
18,Home Page,marketing agency,https://valvmedia.in/,"<script nonce=""Uq1JBBB1"">requireLazy([""HasteSupportData""],function(m){m.handle({""clpData"":{""1838142"":{""r"":1,""s"":1},""1958484"":{""r"":1,""s"":1},""1963303"":{""r"":1,""s"":1},""2120"":{""r"":1,""s"":1},""2807"":{""r"":1,""s","<script nonce=""Uq1JBBB1"">requireLazy([""HasteSupportData""],function(m){m.handle({""clpData"":{""1838142"":{""r"":1,""s"":1},""1958484"":{""r"":1,""s"":1},""1963303"":{""r"":1,""s"":1},""2120"":{""r"":1,""s"":1},""2807"":{""r"":1,""s",,,info@valvmedia.in,Generic,+3403400760,https://www.linkedin.com/company/valv-media/about/,https://www.facebook.com/Valv.Media.official,https://www.instagram.com/valv.media/,,https://www.youtube.com/@AdvertRise,https://valvmedia.in/index.php/contact/,marketing agency,True,True,True,False,100,Hot Lead,2026-06-19T18:01:22.749197
19,MySolution360 | Real Estate Advisory Company in Delhi,marketing agency,https://mysolution360.com/,"</span> </a> </div> </div> </div> </div> </section> </div> </div> </div> </section> <section class=""elementor-section elementor-top-section elementor-element elementor-element-8f00ee1 elementor-sectio","</span> </a> </div> </div> </div> </div> </section> </div> </div> </div> </section> <section class=""elementor-section elementor-top-section elementor-element elementor-element-8f00ee1 elementor-sectio",Seraphinite Accelerator,Owner,info@mysolution360.com,Generic,+918130928045,,https://www.facebook.com/mysolution360realestate,https://www.instagram.com/realestatesbykp,,https://youtu.be/2_RxjAM3_j4,https://mysolution360.com/contact-us/,marketing agency,True,True,True,False,100,Hot Lead,2026-06-19T18:01:39.378358
20,Best Digital Marketing Agency for Spine Surgeons in India | DMS Marketing Agency,marketing agency,https://aidigitalmarketingagency.co.in/best-digital-marketing-agency-for-spine-surgeons-in-india/,"<img src=""data:image/jpg+xml;base64,/9j/4AAQSkZJRgABAQEAYABgAAD/4QC8RXhpZgAASUkqAAgAAAAGABIBAwABAAAAAQAAABoBBQABAAAAVgAAABsBBQABAAAAXgAAACgBAwABAAAAAgAAABMCAwABAAAAAQAAAGmHBAABAAAAZgAAAAAAAABgAAAAAQAA","<img src=""data:image/jpg+xml;base64,/9j/4AAQSkZJRgABAQEAYABgAAD/4QC8RXhpZgAASUkqAAgAAAAGABIBAwABAAAAAQAAABoBBQABAAAAVgAAABsBBQABAAAAXgAAACgBAwABAAAAAgAAABMCAwABAAAAAQAAAGmHBAABAAAAZgAAAAAAAABgAAAAAQAA",,,infoteamdmsmarketing@gmail.com,Generic,+918595575069,https://www.linkedin.com/company/dms-marketing-agency-delhi/,https://www.facebook.com/dmsmarketingagencyonly,https://www.instagram.com/dmsmarketingagency/,https://x.com/DMS_MarketingX,,https://aidigitalmarketingagency.co.in/contact-us/,marketing agency,True,True,True,False,100,Hot Lead,2026-06-19T18:01:41.173778
21,Furious Digital Marketers,marketing agency,https://www.furiousdigitalmarketers.com/,"<meta name=""viewport"" content=""width=device-width, initial-scale=1"">","<meta name=""viewport"" content=""width=device-width, initial-scale=1"">",,,info@furiousdigitalmarketers.com,Generic,+919953908706,https://www.linkedin.com/company/furious-digital-marketers-digital-marketing-india/,https://www.facebook.com/profile.php?id=100093655244206&mibextid=ZbWKwL,https://www.instagram.com/furiousdigitalmarketers?igsh=MTZsbmd1dnI5Nm02Yg==,https://x.com/FuriousMktg?t=rZruCrUaoDA6YYAvEKTfqQ&s=09,,tel:+91-9953908706,marketing agency,True,True,True,False,100,Hot Lead,2026-06-19T18:01:49.945071
22,Best Influencer Marketing Agency | Delhi | Broz Media,marketing agency,https://brozmedia.co.in/,"<meta name=""viewport"" content=""width=device-width, initial-scale=1"">","<meta name=""viewport"" content=""width=device-width, initial-scale=1"">",,,info@brozmedia.in,Generic,+918988888639,https://www.linkedin.com/company/broz-media-in/posts/?feedView=all,,https://www.instagram.com/brozmedia.in/?hl=en,,,https://brozmedia.co.in/contact-us/,marketing agency,True,True,True,False,100,Hot Lead,2026-06-19T18:01:56.358414
23,Digital Marketing Agency in Delhi | Digital Making,marketing agency,https://digitalmaking.in/,Delhi – India.,Delhi – India.,,,digitalmaking97@gmail.com,Personal Business,+919220364396,,https://www.facebook.com/people/Digital-Making/61552338115206/,https://www.instagram.com/digitalmaking7/,,,https://digitalmaking.in/contact.php,marketing agency,False,True,True,False,85,Hot Lead,2026-06-19T18:01:57.153942
24,Avada SEO,marketing agency,https://lines-digital.com/,"<meta name=""viewport"" content=""width=device-width, initial-scale=1"" />","<meta name=""viewport"" content=""width=device-width, initial-scale=1"" />",,,lakhte010168@gmail.com,Personal Business,+918076604221,,,,,,https://lines-digital.com/contact-us/,marketing agency,True,True,True,False,100,Hot Lead,2026-06-19T18:02:01.655851
25,Give Me Publicity,marketing agency,http://www.givemepublicity.com/,"gtag('config', 'G-5WXDSHZ91H');","gtag('config', 'G-5WXDSHZ91H');",,,info@givemepublicity.com,Generic,+919599449242,https://www.linkedin.com/company/give-me-publicity,https://www.facebook.com/Give-Me-Publicity-1643378699261553/,,https://twitter.com/givemepublicity,https://www.youtube.com/channel/UCL1E4jFVhY_9ToPDCpSEdfQ,http://www.givemepublicity.com/contact.html,marketing agency,True,True,True,False,100,Hot Lead,2026-06-19T18:02:04.652855
26,BigWig Digital,marketing agency,https://www.bigwigmediadigital.com/,"New Delhi, we are a dynamic digital media agency delivering impactful experiences. With 8+ years of expertise, we help brands grow and achieve measurable results.</p><hr class=""border-gray-700 my-4""/>","New Delhi, we are a dynamic digital media agency delivering impactful experiences. With 8+ years of expertise, we help brands grow and achieve measurable results.</p><hr class=""border-gray-700 my-4""/>",,,support@bigwigmediadigital.com,Generic,+919685892813,https://www.linkedin.com/company/106698073/admin/dashboard/,https://www.facebook.com/profile.php?id=61575340735142,https://www.instagram.com/bigwigmediadigital/,https://x.com/bigwig_digital,https://www.youtube.com/@BigwigMediaDigital,https://www.bigwigmediadigital.com/contact,marketing agency,True,True,True,True,100,Hot Lead,2026-06-19T18:02:09.743948
27,ODD LOOP | Best Creative Digital Marketing Agency in Delhi,marketing agency,https://www.oddloopagency.com/,"New Delhi. From strategic brand building to online &amp; offline experiences and designing solutions, we guide brands to a place of real cultural value.""/>","New Delhi. From strategic brand building to online &amp; offline experiences and designing solutions, we guide brands to a place of real cultural value.""/>",Invalid Sentry Dsn,CEO,info@oddloop.co.in,Generic,+490593533279,,,https://www.instagram.com/oddloopagency/,,,https://www.oddloopagency.com/contact,marketing agency,True,False,True,False,100,Hot Lead,2026-06-19T18:02:11.370484
28,ARADHYA ADVERTISING - Advertising Agency,marketing agency,https://aradhya-advertising.grexa.site/,"</style><header class=""secondary-header-absolute secondary-header-bg""><div class=""container container-fluid secondary-header-font-size py-2 ""><ul class=""nav align-items-center ms-sm-2 justify-content-","</style><header class=""secondary-header-absolute secondary-header-bg""><div class=""container container-fluid secondary-header-font-size py-2 ""><ul class=""nav align-items-center ms-sm-2 justify-content-",,,,,+919310206433,,,,,,https://aradhya-advertising.grexa.site/contact,marketing agency,False,False,True,False,100,Hot Lead,2026-06-19T18:02:13.138953
29,Google's products and services,marketing agency,https://www.google.co.in/intl/en/about/products?tab=lh,"===void 0?""ZNWN1d"":a.hq;var h=a.onMessage===void 0?void 0:a.onMessage;a=a.eC===void 0?void 0:a.eC;return jja({destination:b,getSource:function(){return c.contentWindow},","===void 0?""ZNWN1d"":a.hq;var h=a.onMessage===void 0?void 0:a.onMessage;a=a.eC===void 0?void 0:a.eC;return jja({destination:b,getSource:function(){return c.contentWindow},",No Genie,CEO,smart.journey.prober@gmail.com,Personal Business,+2034009138,,,,,https://www.youtube.com/yt/about/?utm_source=about.google&utm_medium=referral&utm_campaign=productslist,https://support.google.com/?utm_source=about.google&utm_medium=referral&utm_campaign=productspage,marketing agency,True,True,True,False,100,Hot Lead,2026-06-19T18:02:19.266353
30,Menubar Icon,marketing agency,https://www.oxpromedia.com/,"<meta name=""viewport"" content=""width=device-width, initial-scale=1.0"">","<meta name=""viewport"" content=""width=device-width, initial-scale=1.0"">",,,,,+911141584417,https://www.linkedin.com/company/ox-pro-media/,https://www.facebook.com/OxProMedia,https://www.instagram.com/OxProMedia,https://www.twitter.com/OxProMedia,,https://www.oxpromedia.com/contact.html,marketing agency,True,True,True,False,100,Hot Lead,2026-06-19T18:02:20.554948
31,HAE Digital: High Audience Engagement with Digital.,marketing agency,https://www.haedigital.com/,"): </span> </b> 309, 3rd Floor, Padma Tower 2, &nbsp;&nbsp;&nbsp;&nbsp;&nbsp;&nbsp;&nbsp;&nbsp;Rajender Place, Delhi - 110008<br><span style=""color:#8C54FC""><a href=""https://maps.app.goo.gl/s7kjh9BHN5","): </span> </b> 309, 3rd Floor, Padma Tower 2, &nbsp;&nbsp;&nbsp;&nbsp;&nbsp;&nbsp;&nbsp;&nbsp;Rajender Place, Delhi - 110008<br><span style=""color:#8C54FC""><a href=""https://maps.app.goo.gl/s7kjh9BHN5",,,info@haedigital.com,Generic,+919289765898,https://www.linkedin.com/company/haedigital/,https://www.facebook.com/haedigitalmarketing/,https://www.instagram.com/hae_digital_marketing/,https://x.com/haedigital,https://www.youtube.com/@HAEDigitalMarketing,https://www.haedigital.com/contact/,marketing agency,True,True,True,False,100,Hot Lead,2026-06-19T18:02:38.349778
32,digitalrajat.io,marketing agency,http://digitalrajat.io/,"Delhi, Janakpuri, or anywhere in India, our services are tailored to help you succeed.</div>","Delhi, Janakpuri, or anywhere in India, our services are tailored to help you succeed.</div>",Expert Agency,CEO,hello@digitalrajat.io,Generic,+919310133483,https://www.linkedin.com/company/digital-rajat-digital-marketing-consultant-services,https://www.facebook.com/people/Digital-Rajat/61559734803605/,https://www.instagram.com/digitalrajat.io?igsh=NnZweHpnOTE3ZzNj,,https://www.youtube.com/channel/UC4lYIY5XcndEeCXkovtjTPA,https://digitalrajat.io/contact-us/,marketing agency,True,True,True,False,100,Hot Lead,2026-06-19T18:02:46.786276
33,Digital Soull,marketing agency,http://digitalsoull.in/,"<li class=""woosc-settings-field-li""><input type=""checkbox"" class=""woosc-settings-field"" value=""40zp"" checked/><span class=""move"">Image</span></li><li class=""woosc-settings-field-li""><input type=""check","<li class=""woosc-settings-field-li""><input type=""checkbox"" class=""woosc-settings-field"" value=""40zp"" checked/><span class=""move"">Image</span></li><li class=""woosc-settings-field-li""><input type=""check",,,info@digitalsoull.in,Generic,+917982320482,https://www.linkedin.com/company/digital-soull/,https://www.facebook.com/digitalsoull,https://www.instagram.com/thedigitalsoull/,,,https://digitalsoull.in/contact-us/,marketing agency,True,True,True,False,100,Hot Lead,2026-06-19T18:02:56.873884
34,Lotus social world Best social media agency in India,marketing agency,https://lotussocialworld.com/,"<meta name=""viewport"" content=""width=device-width, initial-scale=1, maximum-scale=1"">","<meta name=""viewport"" content=""width=device-width, initial-scale=1, maximum-scale=1"">",,,info@lotussocialworld.com,Generic,+917027589820,,,,,https://www.youtube.com/watch?v=bixR-KIJKYM,https://lotussocialworld.com/best-social-media-agency-in-delhi/,marketing agency,True,True,True,False,100,Hot Lead,2026-06-19T18:03:00.883707
35,"Scale Nova Technologies | Best Digital Marketing Agency In Delhi NCR - Marketing Agency in Chandni Chowk, New Delhi, Delhi",marketing agency,https://scale-nova-technologies.grexa.site/,"<!DOCTYPE html><html lang=""en""><head><meta charSet=""utf-8""/><meta name=""viewport"" content=""width=device-width, initial-scale=1""/><link rel=""preload"" as=""image"" href=""https://lh4.googleusercontent.com/","<!DOCTYPE html><html lang=""en""><head><meta charSet=""utf-8""/><meta name=""viewport"" content=""width=device-width, initial-scale=1""/><link rel=""preload"" as=""image"" href=""https://lh4.googleusercontent.com/",,,,,163882127479,,,,,,https://scale-nova-technologies.grexa.site/contact,marketing agency,False,False,True,False,100,Hot Lead,2026-06-19T18:03:07.257622
36,Redcross Digital,marketing agency,https://www.redcrossdigital.com/,"India, we work with people all over the world. We&#8217;ve helped both businesses that sell things and businesses that do services, especially new ones that are just starting out.</p><p>One thing we&#","India, we work with people all over the world. We&#8217;ve helped both businesses that sell things and businesses that do services, especially new ones that are just starting out.</p><p>One thing we&#",,,info@redcrossdigital.com,Generic,+919891694395,https://www.linkedin.com/company/redcross-digital/,https://m.facebook.com/profile.php/?id=61550301723455&name=xhp_nt__fb__action__open_user,https://instagram.com/redcrosdigital?igshid=NjIwNzIyMDk2Mg==,https://twitter.com/RedcrosDigital,,https://www.redcrossdigital.com/contact-us/,marketing agency,True,True,True,False,100,Hot Lead,2026-06-19T18:03:18.502589
37,Website Design Mockup,marketing agency,https://any2digital.com/,"<script nonce=""okf0daMy"">requireLazy([""HasteSupportData""],function(m){m.handle({""clpData"":{""1838142"":{""r"":1,""s"":1},""1958484"":{""r"":1,""s"":1},""1963303"":{""r"":1,""s"":1},""2120"":{""r"":1,""s"":1},""2807"":{""r"":1,""s","<script nonce=""okf0daMy"">requireLazy([""HasteSupportData""],function(m){m.handle({""clpData"":{""1838142"":{""r"":1,""s"":1},""1958484"":{""r"":1,""s"":1},""1963303"":{""r"":1,""s"":1},""2120"":{""r"":1,""s"":1},""2807"":{""r"":1,""s",,,any2digital@gmail.com,Personal Business,+3403400760,,,,,,"https://wa.me/918448711556?text=Hi%20Any2Digital,%20I%20want%20to%20book%20a%20Free%20Consultation.",marketing agency,True,True,True,False,100,Hot Lead,2026-06-19T18:03:26.065532
38,Adlaxy,marketing agency,https://www.adlaxy.in/,"New Delhi, India. Formed in 2009, we’ve built a diverse team who offer insight and effective solutions for real business problems. We’re concept driven creatives who embrace the medium most relevant t","New Delhi, India. Formed in 2009, we’ve built a diverse team who offer insight and effective solutions for real business problems. We’re concept driven creatives who embrace the medium most relevant t",,,hello@adlaxy.in,Generic,+919999936253,https://www.linkedin.com/company/adlaxy,https://www.facebook.com/adlaxy,https://www.instagram.com/adlaxy.in/,https://twitter.com/adlaxy,,https://adlaxy.in/contact/,marketing agency,True,True,True,False,100,Hot Lead,2026-06-19T18:03:31.839827
39,Skillsify,marketing agency,https://skillsify.in/,"<img decoding=""async"" src=""https://skillsify.in/wp-content/uploads/elementor/thumbs/image-2-qnj8bzbbapz6hp26jx34ihqjxvz3b8p8p6k9q0h8em.png"" title=""digital marketing agency in delhi"" alt=""digital marke","<img decoding=""async"" src=""https://skillsify.in/wp-content/uploads/elementor/thumbs/image-2-qnj8bzbbapz6hp26jx34ihqjxvz3b8p8p6k9q0h8em.png"" title=""digital marketing agency in delhi"" alt=""digital marke",,,info@skillsify.in,Generic,+919311840848,https://www.linkedin.com/company/skillsify/?viewAsMember=true,https://www.facebook.com/skillsify.in,https://www.instagram.com/skillsify/,,,https://skillsify.in/contact-us/,marketing agency,True,False,True,False,100,Hot Lead,2026-06-19T18:03:33.192412
40,Student Pointing to Digital Marketing Courses,marketing agency,https://lifeshow.in/,"<meta name=""viewport"" content=""width=device-width, initial-scale=1.0"">","<meta name=""viewport"" content=""width=device-width, initial-scale=1.0"">",,,info@lifeshow.in,Generic,+919876543210,,,,,,https://lifeshow.in/,marketing agency,False,False,True,False,100,Hot Lead,2026-06-19T18:03:33.817483
41,7SEA Marketing | A Growth Studio for Ambitious Brands,marketing agency,https://7seamarketing.com/,"New Delhi and Los Angeles, working worldwide.""/>","New Delhi and Los Angeles, working worldwide.""/>",,,contact@7seamarketing.com,Generic,+919013621346,,https://www.facebook.com/profile.php?id=61586262916114,https://www.instagram.com/7seamarketing/,,,https://7seamarketing.com/contactus/,marketing agency,True,True,True,False,100,Hot Lead,2026-06-19T18:03:42.380987
42,SEO Services In Delhi | Best SEO Agency In Delhi | Best SEO Company In Delhi,marketing agency,https://digitalshukla.com/,"C C Colony,Delhi. It stands located at Ground Floor, Nanak Pio Gurdawra, C-37 Dtc Colony Near Rana Paratab Bagh, C C Colony-110007.Nanak Pio Gurdawara is a prominent landmark in the area,and it is in","C C Colony,Delhi. It stands located at Ground Floor, Nanak Pio Gurdawra, C-37 Dtc Colony Near Rana Paratab Bagh, C C Colony-110007.Nanak Pio Gurdawara is a prominent landmark in the area,and it is in",,,digitalshuklaseo@gmail.com,Personal Business,387384942401,,https://www.facebook.com/share/18agc1NT5U/,https://www.instagram.com/digitalshukla?igsh=dWRkM3p3N2RtNGdj,https://x.com/Digitalshukla95?t=Q76B-gN09nCHe6olpI1bFA&s=09,,https://digitalshukla.com/contact/,marketing agency,True,True,True,False,100,Hot Lead,2026-06-19T18:03:49.629885
43,Best Digital Marketing Solutions in Delhi for Business Growth,marketing agency,https://me2digital.in/,// Start observing,// Start observing,,,support@me2digital.in,Generic,+918595861604,,https://www.facebook.com/profile.php?id=61577981840647,https://www.instagram.com/me2digital/,,,mailto:support@me2digital.in,marketing agency,True,True,True,False,100,Hot Lead,2026-06-19T18:03:53.566850
44,Barkha Collection,marketing agency,http://www.barkhacollection.in/,the city of Delhi (India).</p>,the city of Delhi (India).</p>,,,barkhacollection.delhi@yahoo.com,Personal Business,+919555595080,,https://www.facebook.com/barkhacollection,https://www.instagram.com/barkhacollectiondotcom/,,,https://www.barkhacollection.in/contact-us.htm,marketing agency,True,False,True,False,100,Hot Lead,2026-06-19T18:03:54.830626
45,Digital Marketing Clue,marketing agency,http://www.digitalmarketingclue.com/,"<style data-href=""https://static.parastorage.com/services/editor-elements-library/dist/thunderbolt/rb_wixui.thunderbolt_bootstrap-classic.036156fa.min.css"">.ZhVEJq{touch-action:manipulation}.twJknM{te","<style data-href=""https://static.parastorage.com/services/editor-elements-library/dist/thunderbolt/rb_wixui.thunderbolt_bootstrap-classic.036156fa.min.css"">.ZhVEJq{touch-action:manipulation}.twJknM{te",Invalid Sentry Dsn,CEO,info@digitalmarketingclue.com,Generic,+3403400760,https://www.linkedin.com/company/digital-marketing-clue/,https://www.facebook.com/digitalmarketingclue/,https://www.instagram.com/digitalmarketingclue/,https://x.com/DMClue,,https://www.digitalmarketingclue.com/contact-us,marketing agency,True,True,True,False,100,Hot Lead,2026-06-19T18:04:00.885332
46,Digital Marketing King - Best Digital Marketing Agency in India,marketing agency,https://digitalmarketingking.in/,"New Delhi, India. With the team of Best Digital Marketing professionals, Digital Marketing King help the companies to build, repair, manage and promote the Client’s brand globally. Being the Best Onli","New Delhi, India. With the team of Best Digital Marketing professionals, Digital Marketing King help the companies to build, repair, manage and promote the Client’s brand globally. Being the Best Onli",,,info@digitalmarketingking.in,Generic,+918130253578,https://www.linkedin.com/company/digitalmarketingking/,https://www.facebook.com/digitalmarketingking.in/,https://www.instagram.com/digitalmarketingking.in/,https://twitter.com/dmarketking,,https://digitalmarketingking.in/contact-us.php,marketing agency,True,True,True,False,100,Hot Lead,2026-06-19T18:04:03.583264
47,PerformanceMarketing ThatDelivers,marketing agency,http://www.glideup.in/,"<script nonce=""a5DnVfft"">requireLazy([""HasteSupportData""],function(m){m.handle({""clpData"":{""1838142"":{""r"":1,""s"":1},""1958484"":{""r"":1,""s"":1},""1963303"":{""r"":1,""s"":1},""2120"":{""r"":1,""s"":1},""2807"":{""r"":1,""s","<script nonce=""a5DnVfft"">requireLazy([""HasteSupportData""],function(m){m.handle({""clpData"":{""1838142"":{""r"":1,""s"":1},""1958484"":{""r"":1,""s"":1},""1963303"":{""r"":1,""s"":1},""2120"":{""r"":1,""s"":1},""2807"":{""r"":1,""s",,,grow@glideup.in,Personal Business,+3403400760,https://www.linkedin.com/company/glideup,,https://www.instagram.com/glideup.in,,,http://www.glideup.in/#contact,marketing agency,True,True,True,False,100,Hot Lead,2026-06-19T18:04:07.251719
48,Home - advaana.co,marketing agency,https://advaana.co/,"<div class=""swiper-slide"" role=""group"" aria-roledescription=""slide"" aria-label=""1 of 23""><figure class=""swiper-slide-inner""><img class=""swiper-slide-image swiper-lazy"" data-src=""https://advaana.co/wp-","<div class=""swiper-slide"" role=""group"" aria-roledescription=""slide"" aria-label=""1 of 23""><figure class=""swiper-slide-inner""><img class=""swiper-slide-image swiper-lazy"" data-src=""https://advaana.co/wp-",Helvetica Neue,CEO,advaana.co@gmail.com,Personal Business,588500833258,https://www.linkedin.com/company/advaana-co/,,https://www.instagram.com/advaana.co/?next=%2F,,,https://advaana.co/beyond-cac-how-to-keep-sales-alive-without-spending-more-on-ads/,marketing agency,True,False,True,False,100,Hot Lead,2026-06-19T18:04:23.169903
49,Webesters,marketing agency,https://webesters.in/,INDIA,INDIA,,,webestersagency@gmail.com,Personal Business,+919310538752,https://www.linkedin.com/company/webesters/posts/?feedView=all,https://www.facebook.com/webestersbestdigitalmarketingagency,https://www.instagram.com/webesters_1/#,https://x.com/Webesters2023,,https://webesters.in/#Contacts,marketing agency,True,True,True,False,100,Hot Lead,2026-06-19T18:04:25.717980
50,Reliable Digital Marketing for Small Businesses Worldwide - Digital Marketing Services India,marketing agency,https://digitalmarketingservicesindia.in/,"<p style=""text-align: justify;"" data-start=""727"" data-end=""1007"">Running a business is demanding. Between managing operations, serving customers and handling day-to-day responsibilities, very few busi","<p style=""text-align: justify;"" data-start=""727"" data-end=""1007"">Running a business is demanding. Between managing operations, serving customers and handling day-to-day responsibilities, very few busi",,,,,+48204640813,,https://www.facebook.com/india.digitalmarketingdelhi/,https://www.instagram.com/digitalmarketingservicesindia/,,https://www.youtube.com/@digitalmarketingservicesindia,https://digitalmarketingservicesindia.in/contact-us/,marketing agency,False,True,True,False,85,Hot Lead,2026-06-19T18:04:36.446259
51,Best Digital Marketing Agency in Delhi NCR | Digial Marketing Company,marketing agency,http://realgraphix.in/,"<div class=""sg-popup-builder-content 188"" id=""sg-popup-content-wrapper-10638"" data-id=""10638"" data-events=""[{&quot;param&quot;:&quot;load&quot;,&quot;value&quot;:&quot;&quot;,&quot;hiddenOption&quot;:","<div class=""sg-popup-builder-content 188"" id=""sg-popup-content-wrapper-10638"" data-id=""10638"" data-events=""[{&quot;param&quot;:&quot;load&quot;,&quot;value&quot;:&quot;&quot;,&quot;hiddenOption&quot;:",,,info@realgraphix.in,Generic,+919711115342,,https://www.facebook.com/profile.php?id=100083588683613,https://www.instagram.com/realgraphix2/,,,https://realgraphix.in/get-in-touch/,marketing agency,True,True,True,False,100,Hot Lead,2026-06-19T18:04:57.520030
52,"SEO, Digital Marketing & Web Development Agency | Digital Clinch",marketing agency,http://www.digitalclinch.com/,"New Delhi, India. If You&#8217;re Looking For  Game-Changing Digital Campaigns, Experience The Thrill With Digital Clinch Today.</strong></p></div></div></div></div></div></div></div></div></article>","New Delhi, India. If You&#8217;re Looking For  Game-Changing Digital Campaigns, Experience The Thrill With Digital Clinch Today.</strong></p></div></div></div></div></div></div></div></div></article>",Nikhil Kapoor,Founder,nikhil@floodlightz.com,Personal Business,+66634244593,,,,,https://www.youtube.com/@digitalclinch,https://digitalclinch.com/contact/,marketing agency,True,True,True,False,100,Hot Lead,2026-06-19T18:05:04.518874
53,SEO Company in Delhi | SEO Agency in Delhi - WebzPapa,marketing agency,https://webzpapa.com/seo-company-delhi.html,"if(is_iframe){iframe_count+=1}}});if(image_count>0||iframe_count>0||rocketlazy_count>0){lazyLoadInstance.update()}});var b=document.getElementsByTagName(""body"")[0];var config={childList:!0,subtree:!0}","if(is_iframe){iframe_count+=1}}});if(image_count>0||iframe_count>0||rocketlazy_count>0){lazyLoadInstance.update()}});var b=document.getElementsByTagName(""body"")[0];var config={childList:!0,subtree:!0}",More Results,Owner,info@webzpapa.com,Generic,+015559811444,,https://www.facebook.com/webzpapa/,https://www.instagram.com/webzpapa/,,,https://webzpapa.com/contact/,marketing agency,True,True,True,False,100,Hot Lead,2026-06-19T18:05:12.754968
54,Digital Marketing Agency in Delhi | SEO & PPC Experts | MgiWebzone,marketing agency,https://www.mgiwebzone.com/,"Delhi, our experience covers Hyderabad (K Venkanna Junior College), Patna (Open Study Centre), Uttarakhand (Oasis The World School), and multiple EdTech and coaching clients in other states.</p><p>We","Delhi, our experience covers Hyderabad (K Venkanna Junior College), Patna (Open Study Centre), Uttarakhand (Oasis The World School), and multiple EdTech and coaching clients in other states.</p><p>We",,,info@mgiwebzone.com,Generic,+3403400760,https://in.linkedin.com/company/mgiwebzone,https://www.facebook.com/MgiWebZone/,https://www.instagram.com/mgiwebzone,https://x.com/MgiWebzone/,,https://www.mgiwebzone.com/contact-us/,marketing agency,True,True,True,False,100,Hot Lead,2026-06-19T18:05:42.133606
55,Top Digital Marketing Service Company & Training Gaur City Noida,marketing agency,https://newzensolution.com/,"<meta name=""viewport"" content=""width=device-width, initial-scale=1"">","<meta name=""viewport"" content=""width=device-width, initial-scale=1"">",,,info@newzensolution.com,Generic,+01234567890,,,,,,http://newzensolution.com/contact/,marketing agency,True,True,True,False,100,Hot Lead,2026-06-19T18:05:43.654339
56,The Global Digital Bharat,marketing agency,https://gdbharat.netlify.app/,"<script nonce=""MLTKovOc"">requireLazy([""HasteSupportData""],function(m){m.handle({""clpData"":{""1838142"":{""r"":1,""s"":1},""1958484"":{""r"":1,""s"":1},""1963303"":{""r"":1,""s"":1},""2120"":{""r"":1,""s"":1},""2807"":{""r"":1,""s","<script nonce=""MLTKovOc"">requireLazy([""HasteSupportData""],function(m){m.handle({""clpData"":{""1838142"":{""r"":1,""s"":1},""1958484"":{""r"":1,""s"":1},""1963303"":{""r"":1,""s"":1},""2120"":{""r"":1,""s"":1},""2807"":{""r"":1,""s",,,globaldigitalbharat@gmail.com,Personal Business,+3403400760,,https://www.facebook.com/lakshy.goyal.71,https://instagram.com/global_digital_bharat,https://twitter.com/Globaldigitalbt,,https://gdbharat.netlify.app/#contact,marketing agency,False,True,True,False,85,Hot Lead,2026-06-19T18:06:31.980288
57,"Javed Akhter - Digital, Performance & Business Marketing Expert in Delhi NCR India",marketing agency,https://www.javedakhter.com/,"<script nonce=""fkODVfnK"">requireLazy([""HasteSupportData""],function(m){m.handle({""clpData"":{""1838142"":{""r"":1,""s"":1},""1958484"":{""r"":1,""s"":1},""1963303"":{""r"":1,""s"":1},""2120"":{""r"":1,""s"":1},""2807"":{""r"":1,""s","<script nonce=""fkODVfnK"">requireLazy([""HasteSupportData""],function(m){m.handle({""clpData"":{""1838142"":{""r"":1,""s"":1},""1958484"":{""r"":1,""s"":1},""1963303"":{""r"":1,""s"":1},""2120"":{""r"":1,""s"":1},""2807"":{""r"":1,""s",,,query@javedakhter.com,Personal Business,+3403400760,,https://www.facebook.com/javedakhterdigital,https://www.instagram.com/javedakhterseo/,https://x.com/javedakhterweb,,https://www.javedakhter.com/contact-us.html,marketing agency,True,True,True,False,100,Hot Lead,2026-06-19T18:06:37.564770
58,Best Digital Marketing Agency in Delhi for Business Growth,marketing agency,https://adzorra.com/,Delhi. Our goal is simple help your business grow online.</p>,Delhi. Our goal is simple help your business grow online.</p>,,,contact@adzorra.com,Generic,+3403400760,,https://www.facebook.com/profile.php?id=61567833544596,,,,https://adzorra.com/contact.php,marketing agency,True,True,True,False,100,Hot Lead,2026-06-19T18:06:39.462777
59,Digital Marketing Agency in NSP Delhi | designhost,marketing agency,http://www.designhost.in/,"New Delhi."">","New Delhi."">",,,info@designhost.in,Generic,+919205067380,https://www.linkedin.com/company/design-host/,https://www.facebook.com/designhost.in/,https://www.instagram.com/designhostdh/,https://twitter.com/Designhost01,https://youtube.com/@designhost4086?si=-Lem09wmj_jRQjPy,http://www.designhost.in/contact.php,marketing agency,True,True,True,False,100,Hot Lead,2026-06-19T18:06:39.812522
60,Best Digital Marketing Agency in India | SEO & Web Design,marketing agency,https://digizebra.in/,"<meta name=""viewport"" content=""width=device-width, initial-scale=1"">","<meta name=""viewport"" content=""width=device-width, initial-scale=1"">",,,digizebraofficial@gmail.com,Personal Business,+918700103228,,https://www.facebook.com/xpeedstudio,,,,https://digizebra.in/contact/,marketing agency,False,True,True,False,85,Hot Lead,2026-06-19T18:06:52.569485
61,Ritu Choudhary,marketing agency,http://adstalento.com/,"<span class=""subtext""><p>We have worked with almost 3500+ clients operating in various industries offering them 360 degree digital marketing assistance, so that pumping up ROI and higher conversions b","<span class=""subtext""><p>We have worked with almost 3500+ clients operating in various industries offering them 360 degree digital marketing assistance, so that pumping up ROI and higher conversions b",,,adtalento1@gmail.com,Personal Business,+917217713392,https://www.linkedin.com/company/adstalento/,https://www.facebook.com/AdsTALENTO,https://www.instagram.com/adstalento/,,,https://adstalento.com/contact/,marketing agency,True,True,True,False,100,Hot Lead,2026-06-19T18:06:57.679729
62,Improving Brand's Presence Through Modern DigitalStrategies,marketing agency,https://profitbyppc.com/,"logo.png"" alt="""">","logo.png"" alt="""">",,,contact@profitbyppc.com,Generic,+3403400760,https://www.linkedin.com/company/profitbyppc/,https://www.facebook.com/ProfitByPPC,https://www.instagram.com/profitbyppc/,https://twitter.com/ProfitByPPC,,mailto:contact@profitbyppc.com,marketing agency,False,True,True,False,85,Hot Lead,2026-06-19T18:06:59.385474
63,BD Agency,marketing agency,https://www.bd.agency/,"<!DOCTYPE html><!--h0pGMKDMuy9jc0BfJamO_--><html lang=""en"" class=""scroll-smooth""><head><meta charSet=""utf-8""/><meta name=""viewport"" content=""width=device-width, initial-scale=1""/><link rel=""preload"" a","<!DOCTYPE html><!--h0pGMKDMuy9jc0BfJamO_--><html lang=""en"" class=""scroll-smooth""><head><meta charSet=""utf-8""/><meta name=""viewport"" content=""width=device-width, initial-scale=1""/><link rel=""preload"" a",,,connect@bd.agency,Personal Business,+919711441247,,,,,,https://www.bd.agency/#contact,marketing agency,True,True,True,False,100,Hot Lead,2026-06-19T18:07:06.130013
64,Grow Your Business With Marketing That Turns Clicks Into Customers.,marketing agency,https://nitaienterprises.com/,"<!DOCTYPE html><html lang=""en""><head><meta charset=""UTF-8""><meta name=""viewport"" content=""width=device-width, initial-scale=1.0""><title>Nitai Enterprises | Digital Marketing Agency</title><meta name=""","<!DOCTYPE html><html lang=""en""><head><meta charset=""UTF-8""><meta name=""viewport"" content=""width=device-width, initial-scale=1.0""><title>Nitai Enterprises | Digital Marketing Agency</title><meta name=""",,,info@nitaienterprises.com,Generic,+917827270885,,,,,,https://nitaienterprises.com/index.html#contact,marketing agency,False,False,True,False,100,Hot Lead,2026-06-19T18:07:08.364202
65,"KLMT Media - Digital Advertising, Web Development, Print Media | KLMT .media",marketing agency,http://www.klmtmedia.in/,"</style></head> <body> <div> <style>astro-island,astro-slot,astro-static-slot{display:contents}</style><script>(()=>{var e=async t=>{await(await t())()};(self.Astro||(self.Astro={})).only=e;window.dis","</style></head> <body> <div> <style>astro-island,astro-slot,astro-static-slot{display:contents}</style><script>(()=>{var e=async t=>{await(await t())()};(self.Astro||(self.Astro={})).only=e;window.dis",,,klmt.media1@gmail.com,Personal Business,+918630722509,,https://www.facebook.com/people/KLMTmedia/100090498584471/?mibextid=ZbWKwL,https://www.instagram.com/klmt.media,https://twitter.com/klmt.media,,http://www.klmtmedia.in/contact-zeoMmP,marketing agency,False,False,True,False,100,Hot Lead,2026-06-19T18:07:12.575578
66,Digital Marketing Agency In West Delhi | Digital Machao,marketing agency,https://digitalmachao.com/,"<script nonce=""gttzhlAd"">requireLazy([""HasteSupportData""],function(m){m.handle({""clpData"":{""1838142"":{""r"":1,""s"":1},""1958484"":{""r"":1,""s"":1},""1963303"":{""r"":1,""s"":1},""2120"":{""r"":1,""s"":1},""2807"":{""r"":1,""s","<script nonce=""gttzhlAd"">requireLazy([""HasteSupportData""],function(m){m.handle({""clpData"":{""1838142"":{""r"":1,""s"":1},""1958484"":{""r"":1,""s"":1},""1963303"":{""r"":1,""s"":1},""2120"":{""r"":1,""s"":1},""2807"":{""r"":1,""s",,,marketing@digitalmachao.com,Generic,+3403400760,,,,,,https://digitalmachao.com/contact-us/,marketing agency,True,True,True,False,100,Hot Lead,2026-06-19T18:07:15.469563
